sample_id,date,week,room,location,location_desc,grade,method,cfu,alert_limit,action_limit,organism,batch
EM-0001,2026-04-07,1,Filling Suite 2,FL2-A1,"Stopper bowl, Line 2",A,Settle plate (4 h),0,,1,,FL2-B26-101
EM-0002,2026-04-09,1,Filling Suite 2,FL2-A1,"Stopper bowl, Line 2",A,Settle plate (4 h),0,,1,,FL2-B26-101
EM-0003,2026-04-07,1,Filling Suite 2,FL2-A2,"Filling needle 3, Line 2",A,Settle plate (4 h),0,,1,,FL2-B26-101
EM-0004,2026-04-09,1,Filling Suite 2,FL2-A2,"Filling needle 3, Line 2",A,Settle plate (4 h),0,,1,,FL2-B26-101
EM-0005,2026-04-07,1,Filling Suite 2,FL2-A3,"Conveyor infeed, Line 2",A,Settle plate (4 h),0,,1,,FL2-B26-101
EM-0006,2026-04-09,1,Filling Suite 2,FL2-A3,"Conveyor infeed, Line 2",A,Settle plate (4 h),0,,1,,FL2-B26-101
EM-0007,2026-04-07,1,Filling Suite 2,FL2-A4,"Vial transfer star wheel, Line 2",A,Settle plate (4 h),0,,1,,FL2-B26-101
EM-0008,2026-04-09,1,Filling Suite 2,FL2-A4,"Vial transfer star wheel, Line 2",A,Settle plate (4 h),0,,1,,FL2-B26-101
EM-0009,2026-04-08,1,Filling Suite 2,FL2-B1,"Background, north wall",B,Settle plate (4 h),0,3,5,,FL2-B26-101
EM-0010,2026-04-08,1,Filling Suite 2,FL2-B2,"Background, south wall",B,Settle plate (4 h),0,3,5,,FL2-B26-101
EM-0011,2026-04-08,1,Filling Suite 2,FL2-B3,Airlock exit,B,Settle plate (4 h),1,3,5,Micrococcus luteus,FL2-B26-101
EM-0012,2026-04-08,1,Filling Suite 2,FL2-B4,Operator pass-through,B,Settle plate (4 h),0,3,5,,FL2-B26-101
EM-0013,2026-04-14,2,Filling Suite 2,FL2-A1,"Stopper bowl, Line 2",A,Settle plate (4 h),1,,1,Micrococcus luteus,FL2-B26-102
EM-0014,2026-04-16,2,Filling Suite 2,FL2-A1,"Stopper bowl, Line 2",A,Settle plate (4 h),0,,1,,FL2-B26-102
EM-0015,2026-04-14,2,Filling Suite 2,FL2-A2,"Filling needle 3, Line 2",A,Settle plate (4 h),0,,1,,FL2-B26-102
EM-0016,2026-04-16,2,Filling Suite 2,FL2-A2,"Filling needle 3, Line 2",A,Settle plate (4 h),0,,1,,FL2-B26-102
EM-0017,2026-04-14,2,Filling Suite 2,FL2-A3,"Conveyor infeed, Line 2",A,Settle plate (4 h),0,,1,,FL2-B26-102
EM-0018,2026-04-16,2,Filling Suite 2,FL2-A3,"Conveyor infeed, Line 2",A,Settle plate (4 h),0,,1,,FL2-B26-102
EM-0019,2026-04-14,2,Filling Suite 2,FL2-A4,"Vial transfer star wheel, Line 2",A,Settle plate (4 h),0,,1,,FL2-B26-102
EM-0020,2026-04-16,2,Filling Suite 2,FL2-A4,"Vial transfer star wheel, Line 2",A,Settle plate (4 h),0,,1,,FL2-B26-102
EM-0021,2026-04-15,2,Filling Suite 2,FL2-B1,"Background, north wall",B,Settle plate (4 h),1,3,5,Corynebacterium sp.,FL2-B26-102
EM-0022,2026-04-15,2,Filling Suite 2,FL2-B2,"Background, south wall",B,Settle plate (4 h),3,3,5,Corynebacterium sp.,FL2-B26-102
EM-0023,2026-04-15,2,Filling Suite 2,FL2-B3,Airlock exit,B,Settle plate (4 h),3,3,5,Corynebacterium sp.,FL2-B26-102
EM-0024,2026-04-15,2,Filling Suite 2,FL2-B4,Operator pass-through,B,Settle plate (4 h),0,3,5,,FL2-B26-102
EM-0025,2026-04-21,3,Filling Suite 2,FL2-A1,"Stopper bowl, Line 2",A,Settle plate (4 h),1,,1,Staphylococcus epidermidis,FL2-B26-103
EM-0026,2026-04-23,3,Filling Suite 2,FL2-A1,"Stopper bowl, Line 2",A,Settle plate (4 h),0,,1,,FL2-B26-103
EM-0027,2026-04-21,3,Filling Suite 2,FL2-A2,"Filling needle 3, Line 2",A,Settle plate (4 h),0,,1,,FL2-B26-103
EM-0028,2026-04-23,3,Filling Suite 2,FL2-A2,"Filling needle 3, Line 2",A,Settle plate (4 h),0,,1,,FL2-B26-103
EM-0029,2026-04-21,3,Filling Suite 2,FL2-A3,"Conveyor infeed, Line 2",A,Settle plate (4 h),0,,1,,FL2-B26-103
EM-0030,2026-04-23,3,Filling Suite 2,FL2-A3,"Conveyor infeed, Line 2",A,Settle plate (4 h),0,,1,,FL2-B26-103
EM-0031,2026-04-21,3,Filling Suite 2,FL2-A4,"Vial transfer star wheel, Line 2",A,Settle plate (4 h),0,,1,,FL2-B26-103
EM-0032,2026-04-23,3,Filling Suite 2,FL2-A4,"Vial transfer star wheel, Line 2",A,Settle plate (4 h),0,,1,,FL2-B26-103
EM-0033,2026-04-22,3,Filling Suite 2,FL2-B1,"Background, north wall",B,Settle plate (4 h),0,3,5,,FL2-B26-103
EM-0034,2026-04-22,3,Filling Suite 2,FL2-B2,"Background, south wall",B,Settle plate (4 h),1,3,5,Micrococcus luteus,FL2-B26-103
EM-0035,2026-04-22,3,Filling Suite 2,FL2-B3,Airlock exit,B,Settle plate (4 h),0,3,5,,FL2-B26-103
EM-0036,2026-04-22,3,Filling Suite 2,FL2-B4,Operator pass-through,B,Settle plate (4 h),0,3,5,,FL2-B26-103
EM-0037,2026-04-28,4,Filling Suite 2,FL2-A1,"Stopper bowl, Line 2",A,Settle plate (4 h),0,,1,,FL2-B26-104
EM-0038,2026-04-30,4,Filling Suite 2,FL2-A1,"Stopper bowl, Line 2",A,Settle plate (4 h),0,,1,,FL2-B26-104
EM-0039,2026-04-28,4,Filling Suite 2,FL2-A2,"Filling needle 3, Line 2",A,Settle plate (4 h),0,,1,,FL2-B26-104
EM-0040,2026-04-30,4,Filling Suite 2,FL2-A2,"Filling needle 3, Line 2",A,Settle plate (4 h),0,,1,,FL2-B26-104
EM-0041,2026-04-28,4,Filling Suite 2,FL2-A3,"Conveyor infeed, Line 2",A,Settle plate (4 h),0,,1,,FL2-B26-104
EM-0042,2026-04-30,4,Filling Suite 2,FL2-A3,"Conveyor infeed, Line 2",A,Settle plate (4 h),0,,1,,FL2-B26-104
EM-0043,2026-04-28,4,Filling Suite 2,FL2-A4,"Vial transfer star wheel, Line 2",A,Settle plate (4 h),0,,1,,FL2-B26-104
EM-0044,2026-04-30,4,Filling Suite 2,FL2-A4,"Vial transfer star wheel, Line 2",A,Settle plate (4 h),0,,1,,FL2-B26-104
EM-0045,2026-04-29,4,Filling Suite 2,FL2-B1,"Background, north wall",B,Settle plate (4 h),3,3,5,Micrococcus luteus,FL2-B26-104
EM-0046,2026-04-29,4,Filling Suite 2,FL2-B2,"Background, south wall",B,Settle plate (4 h),1,3,5,Micrococcus luteus,FL2-B26-104
EM-0047,2026-04-29,4,Filling Suite 2,FL2-B3,Airlock exit,B,Settle plate (4 h),3,3,5,Corynebacterium sp.,FL2-B26-104
EM-0048,2026-04-29,4,Filling Suite 2,FL2-B4,Operator pass-through,B,Settle plate (4 h),2,3,5,Bacillus sp.,FL2-B26-104
EM-0049,2026-05-05,5,Filling Suite 2,FL2-A1,"Stopper bowl, Line 2",A,Settle plate (4 h),0,,1,,FL2-B26-105
EM-0050,2026-05-07,5,Filling Suite 2,FL2-A1,"Stopper bowl, Line 2",A,Settle plate (4 h),0,,1,,FL2-B26-105
EM-0051,2026-05-05,5,Filling Suite 2,FL2-A2,"Filling needle 3, Line 2",A,Settle plate (4 h),1,,1,Staphylococcus hominis,FL2-B26-105
EM-0052,2026-05-07,5,Filling Suite 2,FL2-A2,"Filling needle 3, Line 2",A,Settle plate (4 h),0,,1,,FL2-B26-105
EM-0053,2026-05-05,5,Filling Suite 2,FL2-A3,"Conveyor infeed, Line 2",A,Settle plate (4 h),0,,1,,FL2-B26-105
EM-0054,2026-05-07,5,Filling Suite 2,FL2-A3,"Conveyor infeed, Line 2",A,Settle plate (4 h),0,,1,,FL2-B26-105
EM-0055,2026-05-05,5,Filling Suite 2,FL2-A4,"Vial transfer star wheel, Line 2",A,Settle plate (4 h),0,,1,,FL2-B26-105
EM-0056,2026-05-07,5,Filling Suite 2,FL2-A4,"Vial transfer star wheel, Line 2",A,Settle plate (4 h),0,,1,,FL2-B26-105
EM-0057,2026-05-06,5,Filling Suite 2,FL2-B1,"Background, north wall",B,Settle plate (4 h),0,3,5,,FL2-B26-105
EM-0058,2026-05-06,5,Filling Suite 2,FL2-B2,"Background, south wall",B,Settle plate (4 h),1,3,5,Bacillus sp.,FL2-B26-105
EM-0059,2026-05-06,5,Filling Suite 2,FL2-B3,Airlock exit,B,Settle plate (4 h),0,3,5,,FL2-B26-105
EM-0060,2026-05-06,5,Filling Suite 2,FL2-B4,Operator pass-through,B,Settle plate (4 h),0,3,5,,FL2-B26-105
EM-0061,2026-05-12,6,Filling Suite 2,FL2-A1,"Stopper bowl, Line 2",A,Settle plate (4 h),2,,1,Staphylococcus epidermidis,FL2-B26-106
EM-0062,2026-05-14,6,Filling Suite 2,FL2-A1,"Stopper bowl, Line 2",A,Settle plate (4 h),0,,1,,FL2-B26-106
EM-0063,2026-05-12,6,Filling Suite 2,FL2-A2,"Filling needle 3, Line 2",A,Settle plate (4 h),0,,1,,FL2-B26-106
EM-0064,2026-05-14,6,Filling Suite 2,FL2-A2,"Filling needle 3, Line 2",A,Settle plate (4 h),0,,1,,FL2-B26-106
EM-0065,2026-05-12,6,Filling Suite 2,FL2-A3,"Conveyor infeed, Line 2",A,Settle plate (4 h),0,,1,,FL2-B26-106
EM-0066,2026-05-14,6,Filling Suite 2,FL2-A3,"Conveyor infeed, Line 2",A,Settle plate (4 h),0,,1,,FL2-B26-106
EM-0067,2026-05-12,6,Filling Suite 2,FL2-A4,"Vial transfer star wheel, Line 2",A,Settle plate (4 h),0,,1,,FL2-B26-106
EM-0068,2026-05-14,6,Filling Suite 2,FL2-A4,"Vial transfer star wheel, Line 2",A,Settle plate (4 h),0,,1,,FL2-B26-106
EM-0069,2026-05-13,6,Filling Suite 2,FL2-B1,"Background, north wall",B,Settle plate (4 h),3,3,5,Corynebacterium sp.,FL2-B26-106
EM-0070,2026-05-13,6,Filling Suite 2,FL2-B2,"Background, south wall",B,Settle plate (4 h),2,3,5,Micrococcus luteus,FL2-B26-106
EM-0071,2026-05-13,6,Filling Suite 2,FL2-B3,Airlock exit,B,Settle plate (4 h),2,3,5,Bacillus sp.,FL2-B26-106
EM-0072,2026-05-13,6,Filling Suite 2,FL2-B4,Operator pass-through,B,Settle plate (4 h),0,3,5,,FL2-B26-106
EM-0073,2026-05-19,7,Filling Suite 2,FL2-A1,"Stopper bowl, Line 2",A,Settle plate (4 h),1,,1,Micrococcus luteus,FL2-B26-107
EM-0074,2026-05-21,7,Filling Suite 2,FL2-A1,"Stopper bowl, Line 2",A,Settle plate (4 h),0,,1,,FL2-B26-107
EM-0075,2026-05-19,7,Filling Suite 2,FL2-A2,"Filling needle 3, Line 2",A,Settle plate (4 h),0,,1,,FL2-B26-107
EM-0076,2026-05-21,7,Filling Suite 2,FL2-A2,"Filling needle 3, Line 2",A,Settle plate (4 h),0,,1,,FL2-B26-107
EM-0077,2026-05-19,7,Filling Suite 2,FL2-A3,"Conveyor infeed, Line 2",A,Settle plate (4 h),0,,1,,FL2-B26-107
EM-0078,2026-05-21,7,Filling Suite 2,FL2-A3,"Conveyor infeed, Line 2",A,Settle plate (4 h),0,,1,,FL2-B26-107
EM-0079,2026-05-19,7,Filling Suite 2,FL2-A4,"Vial transfer star wheel, Line 2",A,Settle plate (4 h),0,,1,,FL2-B26-107
EM-0080,2026-05-21,7,Filling Suite 2,FL2-A4,"Vial transfer star wheel, Line 2",A,Settle plate (4 h),0,,1,,FL2-B26-107
EM-0081,2026-05-20,7,Filling Suite 2,FL2-B1,"Background, north wall",B,Settle plate (4 h),1,3,5,Bacillus sp.,FL2-B26-107
EM-0082,2026-05-20,7,Filling Suite 2,FL2-B2,"Background, south wall",B,Settle plate (4 h),0,3,5,,FL2-B26-107
EM-0083,2026-05-20,7,Filling Suite 2,FL2-B3,Airlock exit,B,Settle plate (4 h),1,3,5,Staphylococcus epidermidis,FL2-B26-107
EM-0084,2026-05-20,7,Filling Suite 2,FL2-B4,Operator pass-through,B,Settle plate (4 h),2,3,5,Bacillus sp.,FL2-B26-107
EM-0085,2026-05-26,8,Filling Suite 2,FL2-A1,"Stopper bowl, Line 2",A,Settle plate (4 h),0,,1,,FL2-B26-108
EM-0086,2026-05-28,8,Filling Suite 2,FL2-A1,"Stopper bowl, Line 2",A,Settle plate (4 h),0,,1,,FL2-B26-108
EM-0087,2026-05-26,8,Filling Suite 2,FL2-A2,"Filling needle 3, Line 2",A,Settle plate (4 h),0,,1,,FL2-B26-108
EM-0088,2026-05-28,8,Filling Suite 2,FL2-A2,"Filling needle 3, Line 2",A,Settle plate (4 h),0,,1,,FL2-B26-108
EM-0089,2026-05-26,8,Filling Suite 2,FL2-A3,"Conveyor infeed, Line 2",A,Settle plate (4 h),1,,1,Bacillus sp.,FL2-B26-108
EM-0090,2026-05-28,8,Filling Suite 2,FL2-A3,"Conveyor infeed, Line 2",A,Settle plate (4 h),0,,1,,FL2-B26-108
EM-0091,2026-05-26,8,Filling Suite 2,FL2-A4,"Vial transfer star wheel, Line 2",A,Settle plate (4 h),0,,1,,FL2-B26-108
EM-0092,2026-05-28,8,Filling Suite 2,FL2-A4,"Vial transfer star wheel, Line 2",A,Settle plate (4 h),0,,1,,FL2-B26-108
EM-0093,2026-05-27,8,Filling Suite 2,FL2-B1,"Background, north wall",B,Settle plate (4 h),0,3,5,,FL2-B26-108
EM-0094,2026-05-27,8,Filling Suite 2,FL2-B2,"Background, south wall",B,Settle plate (4 h),3,3,5,Bacillus sp.,FL2-B26-108
EM-0095,2026-05-27,8,Filling Suite 2,FL2-B3,Airlock exit,B,Settle plate (4 h),0,3,5,,FL2-B26-108
EM-0096,2026-05-27,8,Filling Suite 2,FL2-B4,Operator pass-through,B,Settle plate (4 h),1,3,5,Corynebacterium sp.,FL2-B26-108
EM-0097,2026-06-02,9,Filling Suite 2,FL2-A1,"Stopper bowl, Line 2",A,Settle plate (4 h),2,,1,Staphylococcus epidermidis,FL2-B26-109
EM-0098,2026-06-04,9,Filling Suite 2,FL2-A1,"Stopper bowl, Line 2",A,Settle plate (4 h),0,,1,,FL2-B26-109
EM-0099,2026-06-02,9,Filling Suite 2,FL2-A2,"Filling needle 3, Line 2",A,Settle plate (4 h),0,,1,,FL2-B26-109
EM-0100,2026-06-04,9,Filling Suite 2,FL2-A2,"Filling needle 3, Line 2",A,Settle plate (4 h),0,,1,,FL2-B26-109
EM-0101,2026-06-02,9,Filling Suite 2,FL2-A3,"Conveyor infeed, Line 2",A,Settle plate (4 h),0,,1,,FL2-B26-109
EM-0102,2026-06-04,9,Filling Suite 2,FL2-A3,"Conveyor infeed, Line 2",A,Settle plate (4 h),0,,1,,FL2-B26-109
EM-0103,2026-06-02,9,Filling Suite 2,FL2-A4,"Vial transfer star wheel, Line 2",A,Settle plate (4 h),0,,1,,FL2-B26-109
EM-0104,2026-06-04,9,Filling Suite 2,FL2-A4,"Vial transfer star wheel, Line 2",A,Settle plate (4 h),0,,1,,FL2-B26-109
EM-0105,2026-06-03,9,Filling Suite 2,FL2-B1,"Background, north wall",B,Settle plate (4 h),0,3,5,,FL2-B26-109
EM-0106,2026-06-03,9,Filling Suite 2,FL2-B2,"Background, south wall",B,Settle plate (4 h),1,3,5,Corynebacterium sp.,FL2-B26-109
EM-0107,2026-06-03,9,Filling Suite 2,FL2-B3,Airlock exit,B,Settle plate (4 h),3,3,5,Micrococcus luteus,FL2-B26-109
EM-0108,2026-06-03,9,Filling Suite 2,FL2-B4,Operator pass-through,B,Settle plate (4 h),1,3,5,Corynebacterium sp.,FL2-B26-109
EM-0109,2026-06-09,10,Filling Suite 2,FL2-A1,"Stopper bowl, Line 2",A,Settle plate (4 h),3,,1,Staphylococcus hominis,FL2-B26-110
EM-0110,2026-06-11,10,Filling Suite 2,FL2-A1,"Stopper bowl, Line 2",A,Settle plate (4 h),0,,1,,FL2-B26-110
EM-0111,2026-06-09,10,Filling Suite 2,FL2-A2,"Filling needle 3, Line 2",A,Settle plate (4 h),1,,1,Staphylococcus epidermidis,FL2-B26-110
EM-0112,2026-06-11,10,Filling Suite 2,FL2-A2,"Filling needle 3, Line 2",A,Settle plate (4 h),0,,1,,FL2-B26-110
EM-0113,2026-06-09,10,Filling Suite 2,FL2-A3,"Conveyor infeed, Line 2",A,Settle plate (4 h),0,,1,,FL2-B26-110
EM-0114,2026-06-11,10,Filling Suite 2,FL2-A3,"Conveyor infeed, Line 2",A,Settle plate (4 h),0,,1,,FL2-B26-110
EM-0115,2026-06-09,10,Filling Suite 2,FL2-A4,"Vial transfer star wheel, Line 2",A,Settle plate (4 h),0,,1,,FL2-B26-110
EM-0116,2026-06-11,10,Filling Suite 2,FL2-A4,"Vial transfer star wheel, Line 2",A,Settle plate (4 h),0,,1,,FL2-B26-110
EM-0117,2026-06-10,10,Filling Suite 2,FL2-B1,"Background, north wall",B,Settle plate (4 h),1,3,5,Bacillus sp.,FL2-B26-110
EM-0118,2026-06-10,10,Filling Suite 2,FL2-B2,"Background, south wall",B,Settle plate (4 h),3,3,5,Corynebacterium sp.,FL2-B26-110
EM-0119,2026-06-10,10,Filling Suite 2,FL2-B3,Airlock exit,B,Settle plate (4 h),1,3,5,Corynebacterium sp.,FL2-B26-110
EM-0120,2026-06-10,10,Filling Suite 2,FL2-B4,Operator pass-through,B,Settle plate (4 h),1,3,5,Micrococcus luteus,FL2-B26-110
EM-0121,2026-06-16,11,Filling Suite 2,FL2-A1,"Stopper bowl, Line 2",A,Settle plate (4 h),0,,1,,FL2-B26-111
EM-0122,2026-06-18,11,Filling Suite 2,FL2-A1,"Stopper bowl, Line 2",A,Settle plate (4 h),0,,1,,FL2-B26-111
EM-0123,2026-06-16,11,Filling Suite 2,FL2-A2,"Filling needle 3, Line 2",A,Settle plate (4 h),0,,1,,FL2-B26-111
EM-0124,2026-06-18,11,Filling Suite 2,FL2-A2,"Filling needle 3, Line 2",A,Settle plate (4 h),0,,1,,FL2-B26-111
EM-0125,2026-06-16,11,Filling Suite 2,FL2-A3,"Conveyor infeed, Line 2",A,Settle plate (4 h),0,,1,,FL2-B26-111
EM-0126,2026-06-18,11,Filling Suite 2,FL2-A3,"Conveyor infeed, Line 2",A,Settle plate (4 h),0,,1,,FL2-B26-111
EM-0127,2026-06-16,11,Filling Suite 2,FL2-A4,"Vial transfer star wheel, Line 2",A,Settle plate (4 h),0,,1,,FL2-B26-111
EM-0128,2026-06-18,11,Filling Suite 2,FL2-A4,"Vial transfer star wheel, Line 2",A,Settle plate (4 h),0,,1,,FL2-B26-111
EM-0129,2026-06-17,11,Filling Suite 2,FL2-B1,"Background, north wall",B,Settle plate (4 h),1,3,5,Staphylococcus epidermidis,FL2-B26-111
EM-0130,2026-06-17,11,Filling Suite 2,FL2-B2,"Background, south wall",B,Settle plate (4 h),3,3,5,Staphylococcus epidermidis,FL2-B26-111
EM-0131,2026-06-17,11,Filling Suite 2,FL2-B3,Airlock exit,B,Settle plate (4 h),3,3,5,Micrococcus luteus,FL2-B26-111
EM-0132,2026-06-17,11,Filling Suite 2,FL2-B4,Operator pass-through,B,Settle plate (4 h),2,3,5,Micrococcus luteus,FL2-B26-111
EM-0133,2026-06-23,12,Filling Suite 2,FL2-A1,"Stopper bowl, Line 2",A,Settle plate (4 h),2,,1,Staphylococcus epidermidis,FL2-B26-112
EM-0134,2026-06-25,12,Filling Suite 2,FL2-A1,"Stopper bowl, Line 2",A,Settle plate (4 h),0,,1,,FL2-B26-112
EM-0135,2026-06-23,12,Filling Suite 2,FL2-A2,"Filling needle 3, Line 2",A,Settle plate (4 h),0,,1,,FL2-B26-112
EM-0136,2026-06-25,12,Filling Suite 2,FL2-A2,"Filling needle 3, Line 2",A,Settle plate (4 h),0,,1,,FL2-B26-112
EM-0137,2026-06-23,12,Filling Suite 2,FL2-A3,"Conveyor infeed, Line 2",A,Settle plate (4 h),0,,1,,FL2-B26-112
EM-0138,2026-06-25,12,Filling Suite 2,FL2-A3,"Conveyor infeed, Line 2",A,Settle plate (4 h),0,,1,,FL2-B26-112
EM-0139,2026-06-23,12,Filling Suite 2,FL2-A4,"Vial transfer star wheel, Line 2",A,Settle plate (4 h),0,,1,,FL2-B26-112
EM-0140,2026-06-25,12,Filling Suite 2,FL2-A4,"Vial transfer star wheel, Line 2",A,Settle plate (4 h),0,,1,,FL2-B26-112
EM-0141,2026-06-24,12,Filling Suite 2,FL2-B1,"Background, north wall",B,Settle plate (4 h),2,3,5,Corynebacterium sp.,FL2-B26-112
EM-0142,2026-06-24,12,Filling Suite 2,FL2-B2,"Background, south wall",B,Settle plate (4 h),1,3,5,Staphylococcus epidermidis,FL2-B26-112
EM-0143,2026-06-24,12,Filling Suite 2,FL2-B3,Airlock exit,B,Settle plate (4 h),1,3,5,Staphylococcus epidermidis,FL2-B26-112
EM-0144,2026-06-24,12,Filling Suite 2,FL2-B4,Operator pass-through,B,Settle plate (4 h),3,3,5,Micrococcus luteus,FL2-B26-112
